﻿<?xml version="1.0" encoding="utf-8" ?>
<MVCSignalUsers>
	<User>
		<UserID>1</UserID>
		<UserName>Tutor1@students.d125.org</UserName>
		<UserPWD>123</UserPWD>
		<AdminCode>1</AdminCode>
	</User>
	<User>
		<UserID>2</UserID>
		<UserName>Tutor2@students.d125.org</UserName>
		<UserPWD>123</UserPWD>
		<AdminCode>2</AdminCode>
	</User>
	<User>
		<UserID>3</UserID>
		<UserName>ppalwai9@students.d125.org</UserName>
		<UserPWD>123</UserPWD>
		<AdminCode>0</AdminCode>
	</User>
	<User>
		<UserID>1</UserID>
		<UserName>vanaja@students.d125.org</UserName>
		<UserPWD>123</UserPWD>
		<AdminCode>0</AdminCode>
	</User>
	<User>
		<UserID>1</UserID>
		<UserName>palwai@students.d125.org</UserName>
		<UserPWD>123</UserPWD>
		<AdminCode>0</AdminCode>
	</User>
</MVCSignalUsers> 
